name	taxRank	genomeSize	numReads	numUniqueReads	abundance
Homo sapiens	species	3238442024	37817387	23029073	5.81E-06
Human herpesvirus 4 type 2	leaf	172764	5437687	5431784	0.996473
synthetic construct	species	26537524	1482629	502149	0.000524149
Salmonella enterica subsp. enterica serovar Typhimurium	leaf	64608362	3551	2573	0
Alphapapillomavirus 7	species	7857	958	731	0
Streptomyces reticuli	species	9336224	510	2	0
Alphapapillomavirus 9	species	7906	467	207	0
Human papillomavirus type 26	leaf	7855	459	453	0
Rhodococcus erythropolis	species	6691155	365	0	0
Rhodococcus sp. 008	species	7438324	365	0	0
Delftia tsuruhatensis	species	7195716	311	138	0
Leuconostoc gelidum JB7	leaf	1893499	302	285	0
Human immunodeficiency virus 1	species	9181	284	233	0.00299663
Delftia acidovorans SPH-1	leaf	6767514	280	56	0
Delftia sp. Cs1-4	species	6685842	236	4	0
Human papillomavirus type 137	leaf	7236	214	212	0
Human papillomavirus type 128	leaf	7259	213	1	0
Rhodococcus erythropolis PR4	leaf	6895538	188	0	0
Rhodococcus erythropolis CCM2595	leaf	6371421	188	0	0
Rhodococcus erythropolis R138	leaf	6806506	187	0	0
Macacine herpesvirus 4	species	171096	179	169	0
Human papillomavirus type 34	leaf	7723	146	144	0
Ralstonia insidiosa	species	12164766	123	5	0
Paucibacter sp. KCTC 42545	species	5169161	111	110	0
Brevundimonas naejangsanensis	species	2971535	108	70	0
Flavobacterium psychrophilum	species	2803807	93	0	0
Runella slithyformis DSM 19594	leaf	6919729	93	93	0
Delftia	genus	6767514	82	0	0
Rhodococcus opacus	species	9001985	81	1	0
Stenotrophomonas maltophilia R551-3	leaf	4573969	78	64	0
Solitalea canadensis DSM 3403	leaf	5202069	74	64	0
Corynebacterium marinum DSM 44953	leaf	2729219	74	74	0
Caulobacter sp. K31	species	5889399	73	0	0
Alphapapillomavirus 3	species	7989	70	67	0
Brevundimonas sp. GW460-12-10-14-LB2	species	3263775	66	60	0
Rhodococcus sp. WMMA185	species	4444448	64	0	0
Rhodococcus sp. p52	species	5413283	64	0	0
Rhodococcus pyridinivorans SB3094	leaf	5590512	64	0	0
Rhodococcus jostii RHA1	leaf	9702737	62	0	0
Caulobacter crescentus CB15	leaf	4016947	62	0	0
Caulobacter crescentus NA1000	leaf	4042929	62	0	0
[Polyangium] brachysporum	species	6476147	61	17	0
Alicycliphilus denitrificans	species	4953232	60	0	0
Candidatus Korarchaeum cryptofilum OPF8	leaf	1590757	60	56	0
Corynebacterium ureicelerivorans	species	2328278	57	40	0
Methylobacterium sp. AMS5	species	5599206	57	1	0
Methylobacterium extorquens	species	6163878	56	0	0
Staphylococcus pseudintermedius	species	2594798	56	1	0
Methylobacterium populi BJ001	leaf	5848997	56	0	0
Sphingobacterium sp. ML3W	species	5329010	56	56	0
Hydrogenophaga sp. RAC07	species	4674684	55	5	0
Staphylococcus schleiferi	species	12494798	54	0	0
Pseudomonas alcaligenes	species	4406305	54	2	0
Deinococcus deserti VCD115	leaf	3855329	54	0	0
Staphylococcus hyicus	species	2472129	53	0	0
Staphylococcus agnetis	species	2503399	53	0	0
Papio hamadryas papillomavirus type 1	species	8008	53	53	0
Bartonella	genus	1830994	51	0	0
Aminobacter	genus	0	51	0	0
Mesorhizobium	genus	7011064	51	0	0
Rhizobiaceae	family	5682728	51	0	0
Pseudomonas mendocina NK-01	leaf	5434353	51	0	0
Pseudomonas mendocina S5.2	leaf	5372474	51	0	0
Hydrogenophaga sp. LPB0072	species	4944132	50	0	0
Pseudoalteromonas rubra	species	5913780	49	40	0
Bosea vaviloviae	species	6713548	49	0	0
Bosea sp. RAC05	species	5620120	49	0	0
Comamonas testosteroni	species	5695231	48	0	0
Bosea sp. PAMC 26642	species	5510355	48	1	0
Acidovorax sp. JS42	species	4585154	47	0	0
Acidovorax ebreus	species	3796573	46	0	0
Arthrobacter sp. ATCC 21022	species	4434904	46	46	0
Micrococcus luteus NCTC 2665	leaf	2501097	43	42	0
Azospirillum lipoferum 4B	leaf	6846400	43	41	0
Leptothrix cholodnii SP-6	leaf	4909403	41	0	0
Enterococcus durans	species	6143683	40	0	0
Burkholderiales	order	6491917	40	0	0
Gallionellaceae	family	3083063	40	0	0
Variovorax paradoxus S110	leaf	6754997	40	1	0
Stenotrophomonas	genus	4684682	39	0	0
Pseudoxanthomonas suwonensis	species	3419049	39	0	0
Acidovorax avenae subsp. avenae ATCC 19860	leaf	5482170	39	1	0
Microbacterium sp. PAMC 28756	species	3539061	39	3	0
Verminephrobacter eiseniae EF01-2	leaf	5597943	38	0	0
Magnetospirillum sp. XM-1	species	4992477	38	0	0
Sphingomonas wittichii RW1	leaf	5915246	37	0	0
Caulobacter segnis ATCC 21756	leaf	4655622	37	0	0
Sphingomonas sp. MM-1	species	4633613	37	0	0
Sphingomonas sanxanigenens DSM 19645 = NX02	leaf	6580298	37	0	0
Xanthomonas	genus	12262561	36	0	0
Microbacterium sp. XT11	species	3475315	36	1	0
Nocardia nova SH22a	leaf	8348532	35	0	0
Microbacterium sp. CGR1	species	3634864	35	0	0
Alteromonas australica	species	8766305	34	3	0
Bradyrhizobium	genus	11894480	33	0	0
Nitrobacter hamburgensis	species	5011522	33	0	0
Nitrobacter winogradskyi	species	3402093	33	0	0
Rhodopseudomonas palustris	species	5408501	33	0	0
Oligotropha carboxidovorans	species	5740737	33	0	0
Cupriavidus sp. USMAA1020	species	7949449	33	0	0
Azospirillum thiophilum	species	7609458	33	2	0
Cupriavidus sp. USMAHM13	species	7820821	33	0	0
Moraxella osloensis	species	2649137	32	32	0
Rhodobacter capsulatus SB 1003	leaf	3871920	32	1	0
Rhodobacter sp. LPB0142	species	3780829	32	0	0
Cupriavidus gilardii CR3	leaf	5578743	31	2	0
Porphyrobacter sp. LM 6	species	2979257	31	15	0
Acidovorax sp. RAC01	species	4574859	29	0	0
Staphylococcus haemolyticus	species	2697861	28	0	0
Staphylococcus haemolyticus JCSC1435	leaf	2697861	28	0	0
Alphapapillomavirus 13	species	7759	26	26	0
Brevundimonas subvibrioides ATCC 15264	leaf	3445263	26	0	0
root	no rank	0	25	0	0
Chroococcales	order	4289605	25	0	0
Oscillatoriales	order	7831139	25	0	0
Caulobacter henricii	species	3957288	25	0	0
Caulobacter vibrioides	species	4029938	25	0	0
Synechococcales	order	2745087	25	0	0
Arthrobacter sp. IHBB 11108	species	3599434	24	24	0
Propionibacterium acnes	species	2515790	23	2	0
Staphylococcus lugdunensis	species	2627127	22	1	0
Lactobacillus rhamnosus	species	3576576	22	2	0
Cutibacterium avidum	species	2526138	21	0	0
Acidovorax sp. KKS102	species	5196935	21	0	0
Phenylobacterium zucineum HLK1	leaf	4379231	21	20	0
Lactobacillus casei	species	3039836	20	0	0
Lactobacillus paracasei	species	3007940	20	0	0
Rhodococcus	genus	7101773	20	7	0
Acidovorax avenae	species	5482170	20	0	0
Acinetobacter baumannii	species	3994952	19	16	0
Stenotrophomonas rhizophila	species	4198652	19	0	0
Lactobacillus gasseri ATCC 33323 = JCM 1131	leaf	1894360	19	18	0
Rhodococcus opacus PD630	leaf	9169032	19	0	0
Mycobacterium tuberculosis str. Beijing/NITR203	leaf	4411128	19	0	0
Stenotrophomonas sp. LM091	species	4317450	19	1	0
Vagococcus teuberi	species	2184285	18	18	0
Corynebacterium imitans	species	2565321	17	0	0
Brevundimonas sp. DS20	species	3475610	17	12	0
Methanobacterium formicicum	species	7422571	16	0	0
Acidovorax	genus	4877171	16	0	0
Anaerococcus prevotii DSM 20548	leaf	1998633	16	15	0
Simbu virus	species	12172	15	4	0
Sphingomonas melonis TY	leaf	4196755	15	0	0
Sphingomonas sp. NIC1	species	3660563	15	0	0
Sphingomonas panacis	species	5322941	15	0	0
Staphylococcus carnosus subsp. carnosus TM300	leaf	2566424	14	14	0
Carnobacterium maltaromaticum LMA28	leaf	3650416	14	12	0
Human papillomavirus type 7	leaf	8027	13	12	0
Finegoldia magna ATCC 29328	leaf	1986740	13	12	0
Shinella sp. HZN7	species	7354253	13	1	0
Bacteroides thetaiotaomicron	species	6293399	12	1	0
Bacteroides ovatus	species	6475296	12	0	0
Nocardia nova	species	8348532	12	0	0
Roseateles depolymerans	species	5681722	12	1	0
Shamonda virus	species	12104	12	4	0
Bacteroides thetaiotaomicron VPI-5482	leaf	6293399	12	0	0
Bacteroides ovatus V975	leaf	6475296	12	0	0
Rhodococcus sp. PBTS 2	species	5316948	12	12	0
Rhizobium	genus	6989816	11	0	0
Bacteroides fragilis	species	5308603	11	0	0
Corynebacterium	genus	2717615	11	10	0
Pediococcus damnosus	species	11570178	11	1	0
Yangia sp. CCB-MM3	species	5522061	11	11	0
Staphylococcus carnosus	species	2566424	10	10	0
Corynebacteriales	order	4604415	10	0	0
Alicycliphilus denitrificans BC	leaf	4835713	10	1	0
Streptomyces sp. RTd22	species	11142275	10	8	0
Promicromonosporaceae	family	3655364	9	0	0
Microbacteriaceae	family	3217613	9	0	0
Cedecea neteri	species	23867322	9	8	0
Human papillomavirus type 32	leaf	7961	9	8	0
Alicycliphilus denitrificans K601	leaf	5070751	9	0	0
Variovorax sp. PAMC 28711	species	4316152	9	0	1.06E-07
Porphyrobacter neustonensis	species	3090363	8	0	0
Variovorax	genus	6817856	8	0	0
Variovorax paradoxus	species	6817856	8	0	0
Delftia acidovorans	species	6767514	8	0	0
Altererythrobacter epoxidivorans	species	2786256	8	0	0
Kocuria flava	species	3638342	8	8	0
Altererythrobacter marensis	species	2885033	8	0	0
Human papillomavirus type 154	species	7286	8	5	0
Acinetobacter johnsonii XBB1	leaf	4081329	8	1	0
Lawsonella clevelandensis	species	3775705	8	0	0
Pseudomonas fluorescens	species	6526868	7	5	0
Streptomyces venezuelae	species	18089227	7	4	0
Cyanobium gracile PCC 6307	leaf	3342364	7	4	0
Streptomyces scabiei 87.22	leaf	10148695	7	7	0
Flammeovirgaceae bacterium 311	species	6665617	7	6	0
Acinetobacter sp. TTH0-4	species	2962453	7	0	0
Streptomyces albus	species	6841649	6	0	0
Stenotrophomonas maltophilia	species	4684682	6	1	0
Streptomyces albulus	species	9784577	6	0	0
Aminobacter aminovorans	species	6890726	6	4	0
Methylobacterium sp. 4-46	species	7737025	6	4	0
Streptomyces bingchenggensis BCW-1	leaf	11936683	6	6	0
Pseudonocardia sp. EC080625-04	species	6554452	6	2	0
Sorangium cellulosum So0157-2	leaf	14782125	6	6	0
Mitsuaria sp. 7	species	6085092	6	0	7.51E-08
Pseudonocardia sp. HH130630-07	species	6680451	6	2	0
Actinosynnema mirum	species	8248144	5	0	0
Comamonadaceae	family	5402391	5	1	0
Burkholderia ubonensis	species	7189071	5	4	0
Saccharothrix espanaensis	species	9360653	5	0	0
Corynebacterium camporealensis	species	2451810	5	1	0
Deinococcus radiodurans R1	leaf	6628921	5	2	0
Sinorhizobium medicae WSM419	leaf	6817576	5	4	0
Methylobacterium radiotolerans JCM 2831	leaf	6899110	5	2	0
Bacillus beveridgei	species	3582268	5	5	0
Corynebacterium glyciniphilum AJ 3170	leaf	3568218	5	5	0
Streptomyces albulus ZPM	leaf	9784577	5	0	0
Corynebacterium falsenii DSM 44353	leaf	2719616	5	3	0
Limnohabitans sp. 103DPR2	species	2948795	5	0	0
Pseudomonas putida	species	6146834	4	2	0
Pseudomonas stutzeri	species	4548207	4	2	0
Xanthomonas citri	species	17318955	4	0	0
Streptococcus anginosus	species	2089210	4	0	0
Bacillus thuringiensis	species	6849293	4	0	0
Sphingopyxis macrogoltabida	species	16800329	4	3	0
Streptomyces pactum	species	8180260	4	1	0
Streptococcus constellatus	species	1954077	4	0	0
Stenotrophomonas nitritireducens	species	4541729	4	0	0
Corynebacterium simulans	species	5336673	4	0	0
Tropheryma whipplei TW08/27	leaf	925938	4	0	0
Methylobacterium aquaticum	species	7557960	4	4	0
Arthrobacter sp. FB24	species	5070478	4	4	0
Streptomyces noursei ATCC 11455	leaf	9815884	4	3	0
Human papillomavirus type 53	leaf	7856	4	3	0
Salinispora arenicola CNS-205	leaf	5786361	4	2	0
Saccharopolyspora erythraea NRRL 2338	leaf	8212805	4	3	0
Streptomyces xiamenensis	species	5961401	4	3	0
Streptomyces sp. CNQ-509	species	8039333	4	2	0
Actinosynnema mirum DSM 43827	leaf	8248144	4	2	0
Streptomyces lividans TK24	leaf	8345283	4	4	0
Oligotropha carboxidovorans OM5	leaf	7641703	4	2	0
Zymomonas mobilis subsp. pomaceae ATCC 29192	leaf	2061413	4	3	0
Pseudomonas chlororaphis	species	6702062	4	2	0
Streptococcus intermedius JTH08	leaf	1933610	4	0	0
Micromonospora aurantiaca ATCC 27029	leaf	7025559	4	3	0
Bacillus sp. 1NLA3E	species	4815602	4	4	0
Novosphingobium sp. PP1Y	species	5313905	4	4	0
Amycolatopsis mediterranei S699	leaf	20483699	4	0	0
Hydrogenophaga sp. PBC	species	5232477	4	4	0
Streptococcus intermedius C270	leaf	1960728	4	0	0
Streptococcus intermedius B196	leaf	1996214	4	0	0
Plautia stali symbiont	species	4092852	4	0	0
Pseudonocardia sp. EC080619-01	species	7205934	4	0	0
Thermus sp. CCB_US3_UF1	species	2263488	4	4	0
Nocardia cyriacigeorgica GUH-2	leaf	6194645	4	0	0
Corallococcus coralloides DSM 2259	leaf	10080619	4	3	0
Streptomyces globisporus C-1027	leaf	7783599	4	4	0
Chania multitudinisentens RB-25	leaf	5488183	4	0	0
Methylobacterium sp. C1	species	6459145	4	1	0
Pantoea sp. PSNIH2	species	4967343	4	0	0
Pseudonocardia sp. EC080610-09	species	7131853	4	0	0
Stenotrophomonas sp. KCTC 12332	species	4541594	4	0	0
Archangium gephyra	species	12489432	3	1	0
Gluconobacter oxydans	species	3207017	3	1	0
Enterobacter cloacae	species	5160721	3	0	0
Acidipropionibacterium acidipropionici	species	3656170	3	0	0
Riemerella anatipestifer	species	2563329	3	0	0
Rhodovulum sulfidophilum	species	4347929	3	2	0
Nocardia farcinica	species	6292344	3	2	0
Streptomyces pristinaespiralis	species	8532592	3	2	0
Streptomyces sampsonii	species	7070328	3	3	0
Pseudoalteromonas luteoviolacea	species	18666577	3	0	0
Xanthomonas sacchari	species	5006106	3	2	0
Acinetobacter sp. ADP1	species	3598621	3	3	0
Cyanothece sp. PCC 7424	species	6554169	3	2	0
Achromobacter xylosoxidans	species	6745103	3	0	0
Legionella pneumophila subsp. pneumophila	subspecies	31068438	3	0	0
Streptomyces puniciscabiei	species	9698948	3	1	0
Escherichia albertii	species	4701875	3	2	0
Streptomyces avermitilis MA-4680 = NBRC 14893	leaf	9119895	3	2	0
Staphylococcus equorum	species	8544915	3	0	0
Synechococcus sp. JA-2-3B'a(2-13)	species	3046682	3	3	0
Azotobacter vinelandii DJ	leaf	5365318	3	0	0
Brevibacillus brevis NBRC 100599	leaf	6296436	3	3	0
Stigmatella aurantiaca DW4/3-1	leaf	10260756	3	3	0
Pseudomonas mendocina ymp	leaf	5072807	3	1	0
Rhodospirillum centenum SW	leaf	4355543	3	1	0
Bacteroides vulgatus ATCC 8482	leaf	5163189	3	0	0
Pseudonocardia sp. AL041005-10	species	6143341	3	0	0
Achromobacter xylosoxidans C54	leaf	6131060	3	0	0
Desulfarculus baarsii DSM 2075	leaf	3655731	3	3	0
Desulfovibrio africanus str. Walvis Bay	leaf	4200534	3	3	0
Intrasporangium calvum DSM 43043	leaf	4024382	3	2	0
Chryseobacterium sp. StRB126	species	5503743	3	3	0
Bacteroides dorei CL03T12C01	leaf	5310365	3	0	0
Ralstonia solanacearum Po82	leaf	5430263	3	0	0
Planococcus plakortidis	species	3261818	3	3	0
Pseudoxanthomonas spadix BD-a59	leaf	3452554	3	3	0
Amycolatopsis methanolica 239	leaf	7237391	3	3	0
Pantoea ananatis PA13	leaf	4867131	3	0	0
Pantoea ananatis LMG 5342	leaf	4908144	3	0	0
Klebsiella michiganensis	species	29869212	3	0	0
Blastococcus saxobsidens DD2	leaf	4875340	3	3	0
Streptomyces collinus Tu 365	leaf	8377286	3	2	0
Pseudomonas putida S12	leaf	6382434	3	0	0
Azospirillum humicireducens	species	3181617	3	1	0
Streptomyces sp. 769	species	10338286	3	0	0
Herbaspirillum hiltneri N3	leaf	4965474	3	0	0
Bradyrhizobium icense	species	8322773	3	3	0
Azotobacter vinelandii CA	leaf	5366370	3	0	0
Azotobacter vinelandii CA6	leaf	5323210	3	0	0
Myxococcus fulvus 124B02	leaf	11048835	3	3	0
Pseudomonas putida S13.1.2	leaf	6621848	3	2	0
Endomicrobium proavitum	species	1588979	3	3	0
Marinobacter salarius	species	4616532	3	0	0
Burkholderia vietnamiensis LMG 10929	leaf	6930496	3	2	0
Streptomyces sp. CCM_MD2014	species	8274043	3	0	0
Edwardsiella sp. EA181011	species	3934167	3	2	0
Pseudomonas sp. MRSN12121	species	6986763	3	1	0
Streptomyces sp. CFMR 7	species	8307279	3	3	0
Microbacterium sp. No. 7	species	4827965	3	3	0
Algibacter alginolytica	species	3994770	3	3	0
Burkholderia sp. OLGA172	species	8574890	3	3	0
Streptomyces sp. SAT1	species	7472530	3	2	0
Caulobacter	genus	4238499	2	0	0
Pseudomonas aeruginosa	species	6506218	2	1	0
Xanthomonas oryzae	species	17545599	2	0	0
Moraxella catarrhalis	species	1863286	2	0	0
Alcaligenes faecalis	species	4248684	2	2	0
[Enterobacter] aerogenes	species	5435727	2	0	0
Pantoea ananatis	species	4838981	2	0	0
Yersinia enterocolitica	species	4717877	2	2	0
Aeromonas veronii	species	4551783	2	1	0
Desulfovibrio vulgaris str. 'Miyazaki F'	leaf	4040304	2	2	0
Staphylococcus aureus	species	4189009	2	2	0
Enterococcus faecalis	species	2996992	2	2	0
Paenibacillus polymyxa	species	5942566	2	1	0
Trueperella pyogenes	species	2272494	2	0	0
Mycobacterium avium	species	6256976	2	2	0
Nocardiopsis dassonvillei	species	6543312	2	0	0
Alphapapillomavirus 12	species	8028	2	2	0
Xanthomonas albilineans	species	3852299	2	0	0
Clavibacter michiganensis subsp. sepedonicus	subspecies	3403786	2	1	0
Mycobacterium abscessus	species	7033472	2	2	0
Streptomyces lydicus	species	9300149	2	0	0
Xanthomonas oryzae pv. oryzae	leaf	49453627	2	0	0
Streptomyces griseochromogenes	species	10764674	2	1	0
Oxalobacteraceae	family	5445304	2	0	0
Pseudomonas monteilii	species	5972603	2	1	0
Burkholderia multivorans	species	10170089	2	1	0
Legionella pneumophila subsp. pascullei	subspecies	10220641	2	0	0
Streptomyces coelicolor A3(2)	leaf	9054847	2	1	0
Bordetella hinzii	species	9772861	2	0	0
Ralstonia mannitolilytica	species	9915295	2	0	0
Frankia casuarinae	species	5433628	2	2	0
Ensifer adhaerens	species	7267502	2	1	0
Pannonibacter phragmitetus	species	5669701	2	1	0
Aerococcus urinaehominis	species	1831400	2	2	0
Paraburkholderia fungorum	species	9058983	2	2	0
Paenibacillus borealis	species	8156808	2	1	0
Candidatus Baumannia cicadellinicola	species	686194	2	0	0
Rhodoferax ferrireducens	species	4969784	2	0	0
Trichodesmium erythraeum IMS101	leaf	7750108	2	1	0
Treponema denticola ATCC 35405	leaf	2843201	2	1	0
Ehrlichia ruminantium str. Welgevonden	leaf	3029332	2	0	0
Verrucosispora maris AB-18-032	leaf	6732271	2	0	0
Streptomyces hygroscopicus subsp. limoneus	subspecies	10537932	2	0	0
Kineococcus radiotolerans SRS30216 = ATCC BAA-149	leaf	4956672	2	2	0
Mycobacterium gilvum Spyr1	leaf	5783292	2	2	0
Collimonas pratensis	species	11315924	2	0	0
Leifsonia xyli subsp. xyli str. CTCB07	leaf	2584158	2	2	0
Renibacterium salmoninarum ATCC 33209	leaf	3155250	2	1	0
Gluconobacter oxydans 621H	leaf	2922384	2	0	0
Symbiobacterium thermophilum IAM 14863	leaf	3566135	2	1	0
Frankia inefficax	species	8815781	2	2	0
Enterobacter hormaechei subsp. steigerwaltii	subspecies	15295247	2	0	0
Polaribacter sp. MED152	species	2961474	2	1	0
Sideroxydans	genus	3003656	2	0	0
Rhodopseudomonas palustris BisA53	leaf	5505494	2	1	0
Rhodopseudomonas palustris HaA2	leaf	5331656	2	2	0
Paracoccus denitrificans PD1222	leaf	5236194	2	0	0
Shewanella loihica PV-4	leaf	4602594	2	2	0
Frankia alni ACN14a	leaf	7497934	2	0	0
Psychrobacter sp. PRwf-1	species	2995049	2	2	0
Marinobacter hydrocarbonoclasticus VT8	leaf	4779762	2	2	0
Pseudomonas putida F1	leaf	5959964	2	0	0
Streptomyces vietnamensis	species	9153777	2	1	0
Alcanivorax borkumensis SK2	leaf	3120143	2	0	0
Acidovorax citrulli AAC00-1	leaf	5352772	2	2	0
Bacillus thuringiensis str. Al Hakam	leaf	10989993	2	2	0
Dyella thiooxydans	species	4227172	2	1	0
Nocardiopsis dassonvillei subsp. dassonvillei DSM 43111	leaf	6543312	2	0	0
Streptomyces griseus subsp. griseus NBRC 13350	leaf	8545929	2	1	0
Thermobispora bispora DSM 43833	leaf	4189976	2	2	0
Thermomonospora curvata DSM 43183	leaf	5639016	2	2	0
Beutenbergia cavernae DSM 12333	leaf	4669183	2	1	0
Heliobacterium modesticaldum Ice1	leaf	3075407	2	0	0
Desulfomicrobium baculatum DSM 4028	leaf	3942657	2	1	0
Thermobaculum terrenum ATCC BAA-798	leaf	3101581	2	1	0
Mycobacterium kansasii ATCC 12478	leaf	6577228	2	0	0
Asticcacaulis excentricus CB 48	leaf	4308776	2	0	0
Sideroxydans lithotrophicus ES-1	leaf	3003656	2	2	0
Cellulomonas fimi ATCC 484	leaf	4266344	2	2	0
Erwinia billingiae Eb661	leaf	5372268	2	2	0
Actinoplanes sp. N902-109	species	9228054	2	1	0
Halanaerobium hydrogeniformans	species	2613117	2	2	0
Limnohabitans	genus	0	2	0	0
Archaeoglobus veneficus SNP6	leaf	1901943	2	2	0
Riemerella anatipestifer ATCC 11845 = DSM 15868	leaf	4319208	2	0	0
Pantoea ananatis LMG 20103	leaf	4703373	2	0	0
[Clostridium] clariflavum DSM 19732	leaf	4897678	2	2	0
Pseudomonas fulva 12-X	leaf	4920769	2	1	0
Amycolatopsis mediterranei U32	leaf	10236715	2	0	0
Thermus oshimai JL-2	leaf	2401329	2	1	0
Desulfurococcus mucosus DSM 2162	leaf	1314639	2	2	0
Streptomyces sp. SirexAA-E	species	7414440	2	0	0
Cupriavidus sp. USMAA2-4	species	8698226	2	0	0
Treponema brennaborense DSM 12168	leaf	3055580	2	1	0
Niabella soli DSM 19437	leaf	4697343	2	2	0
Pantoea ananatis AJ13355	leaf	4877279	2	0	0
Rubrivivax gelatinosus IL144	leaf	5043253	2	1	0
Xanthomonas campestris pv. raphani 756C	leaf	4941214	2	2	0
Cupriavidus necator N-1	leaf	8480857	2	2	0
Streptococcus equi subsp. zooepidemicus ATCC 35246	leaf	2167264	2	2	0
Alcanivorax sp. NBRC 101098	species	3095417	2	0	0
Pseudothermotoga hypogea DSM 11164 = NBRC 106472	leaf	4330581	2	0	0
Lysinibacillus varians	species	4662822	2	2	0
Streptococcus sp. I-G2	species	1992567	2	0	0
Streptococcus sp. I-P16	species	2023580	2	0	0
Amycolatopsis mediterranei RB	leaf	10246864	2	0	0
Gluconobacter oxydans H24	leaf	3816232	2	0	0
Hymenobacter swuensis DY53	leaf	5252070	2	0	0
Actinoplanes friuliensis DSM 7358	leaf	9376071	2	2	0
Streptomyces sp. PAMC 26508	species	7630245	2	1	0
Myxococcus stipitatus DSM 14675	leaf	10350586	2	1	0
Gluconobacter oxydans DSM 3504	leaf	2882437	2	0	0
Mycobacterium kansasii 824	leaf	6402301	2	0	0
Streptomyces fulvissimus DSM 40593	leaf	7905758	2	2	0
Spiribacter sp. UAH-SP71	species	1926631	2	0	0
Ehrlichia muris AS145	leaf	1196717	2	2	0
Vibrio tritonius	species	5221926	2	2	0
Escherichia albertii KF1	leaf	4701875	2	1	0
Bacillus cereus D17	leaf	5590358	2	2	0
Megasphaera elsdenii 14-14	leaf	2504349	2	2	0
Hymenobacter sp. PAMC 26554	species	5451254	2	1	0
Pseudomonas sp. St29	species	6833117	2	1	0
Planococcus sp. PAMC 21323	species	3199864	2	1	0
Paenibacillus sp. FSL P4-0081	species	8423054	2	1	0
Thermofilum sp. 1807-2	species	1611988	2	2	0
Verrucomicrobia bacterium L21-Fru-AB	species	2949723	2	1	0
Ottowia sp. oral taxon 894	species	2925783	2	2	0
Methylophilus sp. TWE2	species	3079044	2	2	0
Chryseobacterium sp. IHB B 17019	species	4077766	2	1	0
Burkholderia sp. Bp7605	species	5705688	2	2	0
Streptomyces sp. 4F	species	8047771	2	0	0
Blautia sp. YL58	species	5128792	2	0	0
Erysipelotrichaceae bacterium I46	species	4468295	2	2	0
Xincheng anphevirus	species	12774	2	1	0
Myxococcaceae	family	9924679	1	0	0
Chondromyces crocatus	species	11388132	1	1	0
Azospirillum lipoferum	species	7223069	1	0	0
Helicobacter pylori	species	1704012	1	1	0
Brucella	genus	4068975	1	1	0
Thermus	genus	2279019	1	0	0
Xanthomonas campestris	species	7516154	1	0	0
Rhizobiales	order	5103979	1	0	0
Agrobacterium vitis	species	6320946	1	0	0
Methylobacterium	genus	6606092	1	0	0
Psychrobacter	genus	2875899	1	0	0
Bordetella bronchiseptica	species	5231793	1	0	0
Bordetella parapertussis	species	4836562	1	0	0
Escherichia coli	species	7253110	1	1	0
Klebsiella pneumoniae	species	8447597	1	1	0
Serratia marcescens	species	5135686	1	1	0
Yersinia intermedia	species	4859749	1	1	0
Aeromonas hydrophila	species	4927671	1	1	0
Vibrio parahaemolyticus	species	5172800	1	0	0
Aggregatibacter actinomycetemcomitans	species	3173845	1	0	0
Porphyromonas gingivalis	species	2339774	1	0	0
Cellulophaga lytica	species	3765936	1	0	0
Flavobacterium johnsoniae	species	6096872	1	0	0
Flavobacterium columnare	species	3162432	1	0	0
Synechococcus	genus	2719262	1	0	0
Streptococcus pneumoniae	species	2114821	1	0	0
Planococcus kocurii	species	3485580	1	1	0
Bacillus cereus	species	6217228	1	0	0
Bacillus coagulans	species	3330766	1	0	0
Bacillus mycoides	species	11312355	1	0	0
Lysinibacillus sphaericus	species	14371778	1	0	0
Clostridium botulinum	species	4204997	1	1	0
Clostridium tyrobutyricum	species	3134437	1	1	0
Clostridium estertheticum subsp. estertheticum	subspecies	4785613	1	1	0
Lactobacillus delbrueckii	species	1920382	1	0	0
Lactobacillus salivarius	species	2082826	1	0	0
Brevibacterium linens	species	8072179	1	1	0
Corynebacterium stationis	species	2853666	1	1	0
Corynebacterium diphtheriae	species	2469401	1	1	0
Corynebacterium pseudotuberculosis	species	2333432	1	1	0
Mycobacterium smegmatis	species	20964686	1	0	0
Mycobacterium tuberculosis	species	4956632	1	1	0
Streptomyces lincolnensis	species	10319054	1	1	0
Aeromicrobium erythreum	species	3629239	1	1	0
Pimelobacter simplex	species	5637360	1	1	0
Tsukamurella	genus	4479724	1	0	0
Streptomycetaceae	family	9449161	1	0	0
Mycoplasma gallisepticum	species	968554	1	1	0
Mycoplasma hyopneumoniae	species	909234	1	1	0
Human papillomavirus	species	7320	1	1	0
Human papillomavirus type 4	leaf	7353	1	1	0
Tobacco mosaic virus	species	6395	1	1	0
Rubrivivax	genus	5043253	1	0	0
Burkholderia gladioli	species	9052299	1	0	0
Sinorhizobium	genus	6964305	1	0	0
Alteromonas macleodii	species	4602757	1	0	0
Clavibacter michiganensis	species	3317670	1	0	0
Volepox virus	species	217124	1	1	0
Moraxella ovis	species	2306095	1	0	0
Clavibacter michiganensis subsp. insidiosus	subspecies	3408062	1	0	0
Parvimonas micra	species	1627009	1	0	0
Microbacterium	genus	3982034	1	0	0
Lactobacillus johnsonii	species	1907846	1	0	0
Bordetella holmesii	species	3698615	1	0	0
Wigglesworthia glossinidia endosymbiont of Glossina brevipalpis	leaf	703004	1	1	0
Nocardia seriolae	species	8304518	1	0	0
Sinomonas atrocyanea	species	4492204	1	1	0
Erythrobacter litoralis	species	3052398	1	1	0
Rhodospirillaceae	family	4587671	1	0	0
Burkholderia plantarii	species	8081051	1	0	0
Metallosphaera sedula	species	2191517	1	1	0
Anabaena sp. 90	species	5305675	1	0	0
Pseudomonas corrugata	species	6124363	1	1	0
Acinetobacter pittii	species	3862530	1	1	0
Xanthomonas fragariae	species	8565300	1	0	0
Pseudomonas citronellolis	species	14631203	1	1	0
Thermococcus barophilus	species	2064237	1	0	0
Bacillus phage Bastille	species	153962	1	0	0
Actinotignum schaalii	species	2159306	1	0	0
Prochlorococcus marinus subsp. pastoris str. CCMP1986	leaf	1657990	1	0	0
Cyanobium gracile	species	3342364	1	0	0
Shewanella sp. MR-4	species	4706287	1	0	0
Shewanella sp. MR-7	species	4799109	1	0	0
Burkholderia vietnamiensis	species	7660783	1	1	0
Lelliottia amnigena	species	4616371	1	1	0
Kluyvera intermedia	species	6166452	1	1	0
Thermococcus kodakarensis KOD1	leaf	2088737	1	1	0
Pyrococcus horikoshii OT3	leaf	1738505	1	0	0
Myroides odoratimimus	species	4457748	1	0	0
Fusobacterium nucleatum subsp. polymorphum	subspecies	5077430	1	1	0
Caulobacteraceae	family	4141461	1	0	0
Xanthobacter autotrophicus Py2	leaf	5625098	1	1	0
Denitrobacterium detoxificans	species	2446250	1	0	0
Lysobacter antibioticus	species	11681564	1	0	0
Micrococcales	order	3371359	1	0	0
Nocardiaceae	family	7245218	1	0	0
Methanoculleus sp. MAB1	species	2859299	1	1	0
Bacillus weihenstephanensis	species	5872743	1	0	0
Pandoraea	genus	5429298	1	0	0
Pandoraea pnomenusa	species	5429298	1	0	0
Roseateles	genus	0	1	0	0
Shewanella sp. ANA-3	species	5251146	1	0	0
Ramlibacter tataouinensis	species	4070193	1	0	0
Burkholderia cenocepacia	species	7744804	1	0	0
Desulfococcus oleovorans Hxd3	leaf	3944167	1	0	0
Calothrix sp. PCC 7507	species	7023215	1	0	0
Stanieria cyanosphaera PCC 7437	leaf	5544990	1	1	0
Bradyrhizobium sp. ORS 278	species	7456587	1	0	0
Burkholderiaceae	family	7496718	1	0	0
Persephonella marina EX-H1	leaf	1983966	1	1	0
Stenotrophomonas acidaminiphila	species	4138297	1	1	0
Actinoplanes sp. SE50/110	species	9239851	1	1	0
Bacillus endophyticus	species	5313985	1	1	0
Prochlorococcus marinus str. AS9601	leaf	1669886	1	0	0
Streptomyces parvulus	species	7766531	1	0	0
Pseudomonas parafulva	species	5087619	1	1	0
Sphaerochaeta globosa str. Buddy	leaf	3316466	1	1	0
Novosphingobium resinovorum	species	6918128	1	0	0
Pseudomonas putida KT2440	leaf	6181873	1	1	0
Acidihalobacter prosperus	species	3566941	1	0	0
Pseudoalteromonas phenolica	species	4868993	1	1	0
Mycobacterium sp. MCS	species	5920523	1	0	0
Human endogenous retrovirus K113	leaf	9472	1	0	0
Prochlorococcus marinus str. MIT 9515	leaf	1704176	1	0	0
Elizabethkingia miricola	species	4242519	1	0	0
Oscillatoria nigro-viridis PCC 7112	leaf	8272254	1	1	0
Xylanimonas	genus	3831380	1	0	0
Marinithermus hydrothermalis	species	2269167	1	0	0
Oceanithermus profundus	species	2439291	1	0	0
Methanosarcina acetivorans C2A	leaf	5751492	1	1	0
Mycobacterium sp. KMS	species	6256079	1	0	0
Vibrio coralliilyticus	species	17260629	1	1	0
Rhodococcus aetherivorans	species	5922748	1	0	0
Corynebacterium atypicum	species	2359448	1	1	0
Thermococcus nautili	species	1976356	1	1	0
Methanocaldococcus	genus	1584277	1	1	0
Nocardioides sp. JS614	species	5293685	1	0	0
Pseudomonas syringae pv. lapsa	leaf	5918899	1	0	0
Tropheryma whipplei str. Twist	leaf	927303	1	0	0
Neodiprion abietis NPV	species	84264	1	1	0
Candidatus Koribacter versatilis Ellin345	leaf	5650368	1	1	0
Sulfurovum lithotrophicum	species	2217891	1	0	0
Croceibacter atlanticus HTCC2559	leaf	2952962	1	0	0
Rhizobium leguminosarum bv. viciae 3841	leaf	7751309	1	1	0
Bifidobacterium longum	species	3125541	1	0	0
Treponema putidum	species	2800562	1	0	0
Helicobacter sp. MIT 01-6242	species	1594790	1	0	0
Enterococcus faecalis V583	leaf	3359974	1	1	0
Pseudomonas putida ND6	leaf	6202452	1	0	0
Pseudomonas alkylphenolia	species	5764622	1	1	0
Geobacter sulfurreducens PCA	leaf	3814128	1	0	0
Methanocaldococcus jannaschii DSM 2661	leaf	1739927	1	1	0
Methylococcus capsulatus str. Bath	leaf	3304561	1	0	0
Bacteroides cellulosilyticus	species	7084828	1	0	0
Thermococcus sp. AM4	species	2086428	1	1	0
Nocardia farcinica IFM 10152	leaf	6292344	1	0	0
Chroococcidiopsis thermalis PCC 7203	leaf	6689401	1	1	0
Microbulbifer thermotolerans	species	3938396	1	0	0
Bordetella parapertussis 12822	leaf	4773551	1	0	0
Ralstonia eutropha JMP134	leaf	7255290	1	0	0
Methylobacillus flagellatus KT	leaf	2971517	1	1	0
Mesorhizobium loti MAFF303099	leaf	7596297	1	1	0
Sphingopyxis granuli	species	4679853	1	1	0
Cytophaga hutchinsonii ATCC 33406	leaf	4433218	1	1	0
Thermobifida fusca YX	leaf	3642249	1	1	0
Anabaena cylindrica PCC 7122	leaf	7063285	1	0	0
Haloarcula marismortui ATCC 43049	leaf	4274642	1	1	0
[Bacillus thuringiensis] serovar konkukian str. 97-27	leaf	5314794	1	0	0
Bradyrhizobium sp. BTAi1	species	8493513	1	0	0
Chlorobium phaeobacteroides DSM 266	leaf	3133902	1	0	0
Xanthomonas oryzae pv. oryzae KACC 10331	leaf	4941439	1	0	0
Thiobacillus denitrificans ATCC 25259	leaf	2909809	1	1	0
Flavonifractor plautii	species	3818500	1	1	0
Alkaliphilus metalliredigens QYMF	leaf	4929566	1	1	0
Methanobrevibacter olleyae	species	2201192	1	0	0
Ehrlichia ruminantium str. Gardel	leaf	1499920	1	0	0
Coprothermobacter proteolyticus DSM 5265	leaf	1424912	1	1	0
Dictyoglomus thermophilum H-6-12	leaf	1959987	1	0	0
Alteromonas mediterranea	species	4592176	1	1	0
Psychromonas sp. CNPT3	species	3052410	1	1	0
Xanthomonas campestris pv. campestris str. 8004	leaf	5148708	1	1	0
Rhodopseudomonas palustris BisB18	leaf	5513844	1	0	0
Rhodopseudomonas palustris BisB5	leaf	4892717	1	0	0
Cyprinid herpesvirus 1	species	291144	1	1	0
Nostoc sp. PCC 7107	species	6329823	1	1	0
Chlorobium luteolum DSM 273	leaf	2364842	1	0	0
Deinococcus geothermalis DSM 11300	leaf	3247018	1	1	0
Human papillomavirus type 10	leaf	7919	1	1	0
Enterococcus faecium DO	leaf	3052572	1	0	0
Lactobacillus fermentum IFO 3956	leaf	2098685	1	0	0
Syntrophobacter fumaroxidans MPOB	leaf	4990251	1	0	0
Pelobacter propionicus DSM 2379	leaf	4241119	1	1	0
Rhodoferax ferrireducens T118	leaf	4969784	1	1	0
Xanthomonas oryzae pv. oryzae MAFF 311018	leaf	4940217	1	0	0
Burkholderia oklahomensis	species	7135022	1	0	0
Pyrococcus sp. NA2	species	1861320	1	0	0
Bacillus coagulans 36D1	leaf	3552226	1	0	0
Bacillus cereus F837/76	leaf	5288498	1	1	0
Halorhodospira halophila SL1	leaf	2678452	1	0	0
Hahella chejuensis KCTC 2396	leaf	7215267	1	0	0
Alkaliphilus oremlandii OhILAs	leaf	3123558	1	0	0
Geobacter uraniireducens Rf4	leaf	5136364	1	1	0
Exiguobacterium sp. AT1b	species	2999895	1	1	0
Choristoneura occidentalis granulovirus	species	104710	1	0	0
Polaromonas naphthalenivorans CJ2	leaf	5366143	1	1	0
Ramlibacter tataouinensis TTB310	leaf	4070193	1	1	0
Streptococcus mitis B6	leaf	2146611	1	0	0
Xanthomonas fuscans subsp. fuscans	subspecies	5088683	1	0	0
Methanoculleus marisnigri JR1	leaf	2478101	1	0	0
Salinispora tropica CNB-440	leaf	5183331	1	0	0
Streptomyces phage mu1/6	species	38194	1	1	0
Flavobacterium johnsoniae UW101	leaf	6096872	1	1	0
Pseudomonas aeruginosa PA7	leaf	6588339	1	0	0
Aeromonas salmonicida subsp. salmonicida A449	leaf	5040536	1	0	0
Phaeobacter inhibens 2.10	leaf	4160918	1	0	0
Listeria welshimeri serovar 6b str. SLCC5334	leaf	2814130	1	1	0
Sulfurovum sp. NBC37-1	species	2562277	1	0	0
Pontibacter akesuensis	species	4829559	1	1	0
Phaeobacter inhibens DSM 17395	leaf	4227134	1	0	0
Thermococcus barophilus MP	leaf	2064237	1	0	0
Burkholderia multivorans ATCC 17616	leaf	14017432	1	0	0
Rhizobium leguminosarum bv. trifolii WSM2304	leaf	6872702	1	1	0
Rhodopseudomonas palustris TIE-1	leaf	5744041	1	0	0
Methylocella silvestris BL2	leaf	4305430	1	0	0
Thioalkalivibrio sulfidiphilus HL-EbGr7	leaf	3464554	1	0	0
Marinomonas sp. MWYL1	species	5100344	1	1	0
Geobacter bemidjiensis Bem	leaf	4615150	1	1	0
Natrinema sp. J7-2	species	3793615	1	0	0
Salinicoccus halodurans	species	2778379	1	1	0
Shewanella baltica OS223	leaf	5358884	1	1	0
Cronobacter	genus	4479995	1	1	0
Methylobacterium extorquens PA1	leaf	5471154	1	1	0
Methylibium petroleiphilum PM1	leaf	4643639	1	1	0
Desulfurivibrio alkaliphilus	species	3097763	1	0	0
Pedobacter steynii	species	6581659	1	1	0
Azorhizobium caulinodans ORS 571	leaf	5369772	1	0	0
Desulfatibacillum alkenivorans AK-01	leaf	6517073	1	1	0
Burkholderia oklahomensis C6786	leaf	7135022	1	1	0
Geobacter sp. M18	species	5277406	1	1	0
Marinitoga piezophila KA3	leaf	2244793	1	1	0
Clavibacter michiganensis subsp. michiganensis NCPPB 382	leaf	3395237	1	0	0
Brachybacterium faecium DSM 4810	leaf	3614992	1	1	0
Cellulomonas flavigena DSM 20109	leaf	4123179	1	1	0
Sorangium cellulosum So ce56	leaf	13033779	1	0	0
Kitasatospora setae KM-6054	leaf	8783278	1	0	0
Sphingobium japonicum UT26S	leaf	4424862	1	1	0
Pseudarthrobacter chlorophenolicus A6	leaf	4980870	1	0	0
Thermus parvatiensis	species	2016098	1	0	0
Methanoregula boonei 6A8	leaf	2542943	1	0	0
Natranaerobius thermophilus JW/NM-WN-LF	leaf	3191453	1	1	0
Macrococcus caseolyticus JCSC5402	leaf	2219737	1	1	0
Methylobacterium nodulans ORS 2060	leaf	8839022	1	1	0
Streptomyces sp. Mg1	species	8716193	1	1	0
Fusobacterium nucleatum subsp. vincentii 3_1_27	leaf	2190228	1	0	0
Saccharomonospora viridis DSM 43017	leaf	4308349	1	1	0
Altererythrobacter ishigakiensis	species	2673978	1	1	0
Modestobacter marinus	species	5575517	1	1	0
Streptosporangium roseum DSM 43021	leaf	10369518	1	0	0
Catenulispora acidiphila DSM 44928	leaf	10467782	1	1	0
Acinetobacter baumannii AB0057	leaf	4059242	1	0	0
Myroides profundi	species	4064534	1	1	0
Burkholderia lata	species	17031116	1	0	0
Myxococcus fulvus HW-1	leaf	9003593	1	0	0
Geoalkalibacter subterraneus	species	3717645	1	0	0
Halomicrobium mukohataei DSM 12286	leaf	3332349	1	0	0
Burkholderia latens	species	6614478	1	1	0
Cyanothece sp. PCC 7822	species	7841948	1	0	0
Thermus aquaticus Y51MC23	leaf	2338641	1	1	0
Haliangium ochraceum DSM 14365	leaf	9446314	1	1	0
Oceanimonas sp. GK1	species	3527244	1	1	0
Rhodothermus marinus DSM 4252	leaf	3386737	1	0	0
Methanosphaerula palustris E1-9c	leaf	2922917	1	1	0
Stenotrophomonas maltophilia K279a	leaf	4851126	1	1	0
Thermococcus litoralis DSM 5473	leaf	2215172	1	1	0
Brachyspira murdochii DSM 12563	leaf	3241804	1	1	0
Alteromonas macleodii ATCC 27126	leaf	4653851	1	0	0
Acidovorax ebreus TPSY	leaf	3796573	1	0	0
Clostridium carboxidivorans P7	leaf	5752782	1	0	0
Bacillus megaterium QM B1551	leaf	5523192	1	1	0
Listeria monocytogenes HCC23	leaf	2976212	1	0	0
Haemophilus parasuis SH0165	leaf	2269156	1	1	0
Rhodobacter sphaeroides KD131	leaf	4711139	1	0	0
Corynebacterium doosanense CAU 212 = DSM 45436	leaf	2698995	1	1	0
Geoglobus acetivorans	species	1860815	1	1	0
Enterococcus casseliflavus EC20	leaf	3427276	1	0	0
Lactobacillus rhamnosus Lc 705	leaf	3033106	1	0	0
Bordetella bronchiseptica 253	leaf	5264383	1	1	0
Acidaminococcus intestini RyC-MR95	leaf	2487765	1	1	0
Allochromatium vinosum DSM 180	leaf	3669074	1	1	0
Aminobacterium colombiense DSM 12261	leaf	1980592	1	0	0
Methanocaldococcus infernus ME	leaf	1328194	1	0	0
Isosphaera pallida ATCC 43644	leaf	5529304	1	1	0
Prevotella sp. oral taxon 299 str. F0039	leaf	2480269	1	1	0
Thermoanaerobacterium thermosaccharolyticum DSM 571	leaf	2785752	1	0	0
Roseburia hominis A2-183	leaf	3592125	1	0	0
Desulfurivibrio alkaliphilus AHT 2	leaf	3097763	1	0	0
Dickeya zeae Ech586	leaf	4818394	1	1	0
Nonlabens dokdonensis DSW-6	leaf	3914632	1	0	0
Pantoea sp. At-9b	species	6312783	1	1	0
Burkholderia glumae PG1	leaf	7896538	1	0	0
Variovorax paradoxus EPS	leaf	6550056	1	0	0
Sphingobium sp. SYK-6	species	4348133	1	1	0
Rhodococcus opacus B4	leaf	8834939	1	0	0
Olsenella uli DSM 7084	leaf	2051896	1	1	0
Shewanella violacea DSS12	leaf	4962103	1	1	0
Burkholderia sp. CCGE1003	species	7043595	1	1	0
Desulfobacula toluolica Tol2	leaf	5197905	1	0	0
Rhodopseudomonas palustris DX-1	leaf	5404117	1	1	0
Streptomyces violaceusniger Tu 4113	leaf	11138313	1	1	0
Frankia symbiont of Datisca glomerata	species	5340989	1	1	0
Fimbriimonas ginsengisoli Gsoil 348	leaf	5231762	1	1	0
Geobacter sulfurreducens KN400	leaf	3714272	1	0	0
Edwardsiella anguillarum ET080813	leaf	4329652	1	1	0
Alistipes finegoldii DSM 17242	leaf	3734239	1	0	0
Comamonas testosteroni CNB-2	leaf	5373644	1	0	0
Deinococcus proteolyticus MRP	leaf	2886836	1	1	0
Rhizobium tropici CIAT 899	leaf	6686334	1	1	0
Thermoanaerobacterium thermosaccharolyticum M0795	leaf	2894276	1	0	0
Mageeibacillus indolicus UPII9-5	leaf	1809746	1	1	0
Mycobacterium neoaurum VKM Ac-1815D	leaf	5421267	1	0	0
Enterobacter lignolyticus SCF1	leaf	4814049	1	1	0
Sulfuricurvum kujiense DSM 16994	leaf	2819357	1	0	0
Mycobacterium chubuense NBB4	leaf	6342624	1	1	0
Actinomyces sp. oral taxon 414	species	3836419	1	1	0
Leptotrichia sp. oral taxon 212	species	2444904	1	1	0
Streptococcus sp. oral taxon 431	species	2177905	1	0	0
Lactobacillus fermentum CECT 5716	leaf	2100449	1	0	0
Rahnella sp. Y9602	species	5614252	1	1	0
Acidithiobacillus ferrivorans SS3	leaf	3207552	1	1	0
Sphingobacterium sp. 21	species	6226409	1	1	0
Azoarcus sp. KH32C	species	5818755	1	1	0
Propionibacterium freudenreichii subsp. shermanii CIRM-BIA1	leaf	2616384	1	0	0
Leuconostoc gelidum subsp. gasicomitatum LMG 18811	leaf	1954080	1	1	0
Rhodothermus marinus SG0.5JP17-172	leaf	3334122	1	0	0
Pigeon adenovirus 1	leaf	45480	1	1	0
Thioflavicoccus mobilis 8321	leaf	4137521	1	0	0
Bacillus paralicheniformis ATCC 9945a	leaf	4376305	1	1	0
Frateuria aurantia DSM 6220	leaf	3603458	1	0	0
Halomonas elongata DSM 2581	leaf	4061296	1	1	0
Opitutaceae bacterium TAV5	species	7417673	1	1	0
Natrinema pellirubrum DSM 15624	leaf	4354100	1	0	0
Thermus thermophilus JL-18	leaf	2311212	1	0	0
Thermoanaerobacterium xylanolyticum LX-11	leaf	2534358	1	0	0
Agrobacterium sp. H13-3	species	5573770	1	1	0
Halobacillus halophilus DSM 2266	leaf	4170008	1	1	0
Cellulophaga lytica DSM 7489	leaf	3765936	1	0	0
Methanomethylovorans hollandica DSM 15978	leaf	2714013	1	1	0
Marinithermus hydrothermalis DSM 14884	leaf	2269167	1	1	0
Flexibacter litoralis DSM 6794	leaf	4919337	1	1	0
Paraburkholderia rhizoxinica HKI 454	leaf	3750138	1	1	0
Singulisphaera acidiphila DSM 18658	leaf	9755686	1	1	0
Paenibacillus polymyxa SC2	leaf	6238510	1	0	0
Desulfomicrobium orale DSM 12838	leaf	2783374	1	0	0
Clostridium botulinum BKT015925	leaf	3207592	1	1	0
Alcanivorax dieselolei B5	leaf	4928223	1	0	0
Human papillomavirus type 129	species	7219	1	1	0
Pseudomonas putida BIRD-1	leaf	5731541	1	0	0
Acetobacterium woodii DSM 1030	leaf	4044777	1	0	0
Enterobacter aerogenes EA1509E	leaf	5591105	1	0	0
Deinococcus peraridilitoris DSM 19664	leaf	4513714	1	1	0
Ignavibacterium album JCM 16511	leaf	3658997	1	1	0
Glaciecola sp. 4H-3-7+YE-5	species	5393591	1	0	0
Staphylococcus pseudintermedius ED99	leaf	2572216	1	0	0
Camelus dromedarius papillomavirus type 2	species	7906	1	1	0
Burkholderia gladioli BSR3	leaf	9052299	1	0	0
Leisingera methylohalidivorans DSM 14336	leaf	4650996	1	1	0
Streptomyces cattleya NRRL 8057 = DSM 46488	leaf	16188068	1	1	0
Alteromonas macleodii str. 'English Channel 673'	leaf	4601785	1	0	0
Buchnera aphidicola str. Ua (Uroleucon ambrosiae)	leaf	627953	1	1	0
Oligotropha carboxidovorans OM4	leaf	3839771	1	0	0
Campylobacter ureolyticus RIGS 9880	leaf	1641887	1	0	0
Rhodococcus sp. WB1	species	6148559	1	1	0
Flavobacterium columnare ATCC 49512	leaf	3162432	1	0	0
Clostridium sp. SY8519	species	2835737	1	0	0
Pseudomonas putida S16	leaf	5984790	1	0	0
Leptospirillum ferriphilum ML-04	leaf	2406157	1	0	0
Paenibacillus polymyxa M1	leaf	6231122	1	0	0
Human papillomavirus type 126	leaf	7326	1	1	0
Streptococcus infantarius subsp. infantarius CJ18	leaf	2008249	1	1	0
Cronobacter universalis NCTC 9529	leaf	4436873	1	1	0
Mesorhizobium amorphae CCNWGS0123	leaf	7343952	1	0	0
Lactobacillus rhamnosus ATCC 8530	leaf	2960339	1	0	0
Clavibacter michiganensis subsp. nebraskensis NCPPB 2581	leaf	3063596	1	0	0
Rickettsia rickettsii str. Brazil	leaf	1255681	1	1	0
Tistrella mobilis KA081020-065	leaf	6512983	1	1	0
Methanosaeta harundinacea 6Ac	leaf	2571034	1	1	0
Geobacillus thermoleovorans CCB_US3_UF5	leaf	3596620	1	0	0
Gordonia polyisoprenivorans VH2	leaf	5844299	1	1	0
Elizabethkingia anophelis	species	4154397	1	0	0
Corynebacterium halotolerans YIM 70093 = DSM 44683	leaf	3222008	1	0	0
Pseudomonas balearica DSM 6083	leaf	4383480	1	1	0
Pseudomonas protegens CHA0	leaf	6867980	1	1	0
[Clostridium] acidurici 9a	leaf	3108248	1	1	0
Mycobacterium marinum E11	leaf	6450522	1	1	0
Streptomyces hygroscopicus subsp. jinggangensis 5008	leaf	10383684	1	0	0
Gordonia sp. QH-11	species	4428727	1	1	0
Mycobacterium yongonense 05-1390	leaf	5662088	1	1	0
Phycisphaera mikurensis NBRC 102666	leaf	3884382	1	1	0
Kangiella sediminilitoris	species	2496140	1	0	0
Flavobacteriaceae bacterium UJ101	species	3074209	1	1	0
Pseudomonas putida JB	leaf	5846746	1	0	0
Cronobacter phage CR3	leaf	149273	1	0	0
Bordetella holmesii 44057	leaf	3697138	1	0	0
Microcoleus sp. PCC 7113	species	7966510	1	1	0
Pseudomonas putida SJTE-1	leaf	6077201	1	0	0
Bacillus thuringiensis MC28	leaf	6694533	1	0	0
Streptomyces hygroscopicus subsp. jinggangensis TL01	leaf	10077952	1	0	0
Nocardiopsis alba ATCC BAA-2165	leaf	5848211	1	0	0
Pseudomonas putida NBRC 14164	leaf	6156701	1	1	0
Bacillus thuringiensis HD-789	leaf	6334630	1	0	0
Fictibacillus phosphorivorans	species	4230665	1	1	0
Bradyrhizobium sp. CCGE-LA001	species	7833499	1	0	0
Corynebacterium maris DSM 45190	leaf	2833547	1	0	0
Dickeya solani IPO 2222	leaf	4919833	1	1	0
Cardinium endosymbiont cEper1 of Encarsia pergandiella	leaf	944930	1	1	0
Kosakonia sacchari SP1	leaf	4902027	1	1	0
Janthinobacterium sp. B9-8	species	4726850	1	1	0
Variovorax paradoxus B4	leaf	7148516	1	0	0
Bordetella holmesii ATCC 51541	leaf	3699674	1	0	0
Serratia marcescens FGI94	leaf	4858216	1	1	0
Ehrlichia chaffeensis str. Jax	leaf	1176890	1	0	0
Ehrlichia chaffeensis str. Liberty	leaf	1176202	1	0	0
Ehrlichia chaffeensis str. Saint Vincent	leaf	1173884	1	0	0
Ehrlichia chaffeensis str. Wakulla	leaf	1174357	1	0	0
Burkholderia thailandensis MSMB121	leaf	6731379	1	0	0
Burkholderia thailandensis E254	leaf	6676730	1	0	0
Thioalkalivibrio nitratireducens DSM 14787	leaf	4002350	1	1	0
Pseudomonas sp. FGI182	species	5891312	1	0	0
Spiribacter salinus M19-40	leaf	1739487	1	1	0
Citrobacter amalonaticus Y19	leaf	5875351	1	1	0
Edwardsiella piscicida	species	3857040	1	0	0
Bordetella holmesii F627	leaf	3701221	1	0	0
Bordetella holmesii H558	leaf	3696428	1	0	0
Edwardsiella piscicida C07-087	leaf	3857040	1	0	0
Magnetospira sp. QH-2	species	4052370	1	1	0
Roseibacterium elongatum DSM 19469	leaf	3555109	1	1	0
Brevibacillus phage Abouo	species	45552	1	1	0
Komagataeibacter xylinus E25	leaf	3905082	1	1	0
Alteromonas mediterranea U8	leaf	4395035	1	0	0
Dokdonia donghaensis DSW-1	leaf	3293944	1	0	0
Isoptericola dokdonensis DS-3	leaf	3826972	1	1	0
Mucilaginibacter sp. PAMC 26640	species	5618021	1	1	0
Pseudomonas knackmussii B13	leaf	6162905	1	1	0
Methanocaldococcus bathoardescens	species	1607556	1	0	0
Xanthomonas axonopodis Xac29-1	leaf	5296525	1	0	0
Fusobacterium hwasookii ChDC F174	leaf	2531722	1	0	0
Fusobacterium hwasookii ChDC F206	leaf	2430523	1	0	0
Fusobacterium hwasookii ChDC F300	leaf	2527063	1	0	0
Ilumatobacter coccineus YM16-304	leaf	4830181	1	1	0
Human papillomavirus type 166	leaf	7212	1	1	0
Sphingobium sp. TKS	species	6228879	1	1	0
Lactobacillus rhamnosus LOCK908	leaf	2990900	1	0	0
Chryseobacterium gallinarum	species	4633632	1	0	0
Pseudomonas syringae pv. syringae HS191	leaf	6002759	1	0	0
Cronobacter phage CR8	leaf	149162	1	0	0
Cronobacter phage S13	species	182145	1	1	0
Kosmotoga pacifica	species	2169170	1	1	0
Bordetella pseudohinzii	species	4558891	1	1	0
Salinarchaeum sp. Harcht-Bsk1	species	3255260	1	0	0
Enterobacter cloacae ECR091	leaf	4959888	1	0	0
Enterobacter cloacae ECNIH3	leaf	5061388	1	0	0
Defluviimonas alba	species	4987611	1	1	0
Pandoravirus dulcis	species	1908524	1	1	0
Helicobacter pylori SouthAfrica20	leaf	1622903	1	1	0
Enterobacter cloacae P101	leaf	5369929	1	0	0
Mycobacterium vaccae 95051	leaf	6235754	1	1	0
Bradyrhizobium diazoefficiens	species	18211892	1	0	0
Hymenobacter sp. APR13	species	5010594	1	1	0
Ralstonia pickettii DTP0602	leaf	8125850	1	0	0
Paracoccus aminophilus JCM 7686	leaf	4873118	1	0	0
Dyella jiangningensis	species	5396991	1	0	0
Hymenobacter sp. DG25B	species	4360029	1	0	0
Vulgatibacter incomptus	species	4350553	1	0	0
Comamonas testosteroni TK102	leaf	6062703	1	0	0
Bacteroidales bacterium CF	species	2657245	1	1	0
Porphyromonas gingivalis AJW4	leaf	2372492	1	0	0
Porphyromonas gingivalis A7A1-28	leaf	2249024	1	0	0
Halobacterium hubeiense	species	3130345	1	1	0
Paenibacillus polymyxa SQR-21	leaf	5828436	1	0	0
Rhizobium gallicum bv. gallicum R602	leaf	7311190	1	0	0
Enterobacter asburiae L1	leaf	4561905	1	1	0
Geosporobacter ferrireducens	species	5817221	1	1	0
Vibrio parahaemolyticus UCM-V493	leaf	5232572	1	0	0
Magnetospirillum gryphiswaldense MSR-1 v2	leaf	4365796	1	1	0
Thermococcus guaymasensis DSM 11113	leaf	1920914	1	1	0
Methanosarcina sp. Kolksee	species	4553495	1	1	0
Methanococcoides methylutens MM1	leaf	2394636	1	1	0
Pseudomonas monteilii SB3078	leaf	6000087	1	0	0
Pseudomonas monteilii SB3101	leaf	5945120	1	0	0
Streptomyces leeuwenhoekii	species	8122491	1	1	0
Leptospirillum ferriphilum YSK	leaf	2330585	1	0	0
Bacillus megaterium Q3	leaf	5229799	1	1	0
Hafnia alvei FB1	leaf	4712721	1	0	0
Riemerella anatipestifer Yb2	leaf	2184066	1	0	0
Comamonadaceae bacterium A1	species	2574013	1	0	0
Comamonadaceae bacterium B1	species	2623236	1	0	0
Xanthomonas oryzae pv. oryzae PXO86	leaf	5016623	1	0	0
Myroides sp. ZB35	species	4065010	1	0	0
Burkholderia sp. 2002721687	species	7285824	1	0	0
Hymenobacter sp. PAMC 26628	species	5366977	1	1	0
Bacillus phage Evoli	species	159656	1	0	0
Bacillus phage Hoody T	species	159837	1	0	0
Corynebacterium sp. ATCC 6931	species	2471920	1	1	0
Flavisolibacter sp. LCS9	species	5940863	1	0	0
Synechococcus phage ACG-2014e	species	189418	1	0	0
Arthrobacter sp. PAMC 25486	species	4593579	1	1	0
Pseudomonas sp. Os17	species	6885464	1	0	0
Thermococcus eurythermalis	species	2126164	1	1	0
Gammapapillomavirus 20	species	7233	1	1	0
Sphingopyxis fribergensis	species	5202172	1	0	0
Rickettsiales bacterium Ac37b	species	1917564	1	1	0
Coriobacteriaceae bacterium 68-1-3	species	1967093	1	1	0
Paenibacillus sp. FSL R5-0912	species	7718525	1	0	0
Paenibacillus sp. FSL R7-0273	species	7288921	1	0	0
Paenibacillus sp. FSL R7-0331	species	6931967	1	0	0
Woeseia oceani	species	4059891	1	1	0
Enterobacter sp. E20	species	4763114	1	1	0
Curtobacterium sp. MR_MD2014	species	3443800	1	1	0
Fermentimonas caenicola	species	2808926	1	0	0
Rhodococcus sp. B7740	species	5341557	1	1	0
Mycobacterium sp. NRRL B-3805	species	5421338	1	0	0
Myroides sp. A21	species	4155464	1	0	0
Confluentimicrobium sp. EMB200-NS6	species	4147426	1	0	0
Sphingomonas hengshuiensis	species	5228389	1	0	0
Spongiibacter sp. IMCC21906	species	3481669	1	0	0
Acetobacter sp. SLV-7	species	3106397	1	1	0
Planctomyces sp. SH-PL62	species	6784659	1	1	0
Pseudonocardia sp. HH130629-09	species	6300975	1	0	0
Devosia sp. H5989	species	4594249	1	1	0
Pseudomonas sp. CCOS 191	species	6012947	1	1	0
Arthrobacter sp. YC-RL1	species	4018639	1	0	0
Rhodococcus sp. PBTS 1	species	4251687	1	1	0
Alloactinosynnema sp. L-07	species	7405112	1	1	0
Leptospirillum sp. Group II 'CF-1'	species	2709324	1	0	0
Cronobacter phage PBES 02	species	149732	1	0	0
Arthrobacter sp. LS16	species	3851242	1	0	0
Paenibacillus sp. 32O-W	species	5375858	1	1	0
Bordetella sp. H567	species	5532470	1	1	0
Faecalibaculum rodentium	species	2542486	1	1	0
Rhizobium sp. N1314	species	6274511	1	0	0
Rhizobium sp. N731	species	6274507	1	0	0
Arthrobacter sp. ERGS1:01	species	4936686	1	1	0
Staphylococcus sp. AntiMn-1	species	2738396	1	0	0
Desulfovibrio sp. J2	species	3966573	1	1	0
Streptomyces sp. CdTB01	species	10191567	1	1	0
Devosia sp. A16	species	5032994	1	0	0
Burkholderia sp. Bp5365	species	7287809	1	0	0
Marinobacter sp. LQ44	species	4435564	1	1	0
Nostoc sp. NIES-3756	species	6987571	1	1	0
Flavobacterium sp. LPB0076	species	3027315	1	1	0
Burkholderia sp. PAMC 28687	species	6881273	1	1	0
Mycobacterium phage Mulciber	species	52428	1	1	0
Arthrobacter sp. ZXY-2	species	5058708	1	1	0
Gordonia phage BritBrat	species	55524	1	1	0
Opitutaceae bacterium IG16b	species	4199284	1	1	0
Blastomonas sp. RAC04	species	4403499	1	1	0
Arthrobacter sp. U41	species	4792631	1	1	0
Murdochiella sp. Marseille-P2341	species	1671491	1	1	0
haloarchaeon HTSR1	species	1972283	1	1	0
Enterobacter cloacae complex sp. 35734	species	5276896	1	0	0
Selenomonas sp. oral taxon 920	species	2440121	1	1	0
Microbacterium sp. BH3-3-3	species	3508491	1	0	0
